location,location_label,full_record_days,common_period_days,full_record_p95_pct,common_1998_2025_p95_pct,relative_change_pct
Atlanta_GA,Atlanta,10958,9862,0.7808793612855439,0.7885844619291891,0.9867210001504478
Council_Bluffs_IA,Council Bluffs,10958,9862,0.045851634290869116,0.04614745128629408,0.6451612903225712
Henrico_VA,Henrico,10958,9862,0.6562252247133561,0.6747976367335454,2.8301886792452935
Kansas_City_MO,Kansas City,10958,9862,0.02455915862446552,0.024879495476088986,1.3043478260869712
Mayes_County_OK,Mayes County,10958,9862,3.179046644166925,3.0431231974489017,-4.275604038947423
Seattle_WA,Seattle,10958,9862,1.8207267143865118,1.8404711146606876,1.0844241542766975
Fort_Wayne_IN,Fort Wayne,10958,9862,6.812242808786565,7.012602891397934,2.941176470588225
Clarksville_TN,Montgomery County / Clarksville,10923,9827,0.15778356505645352,0.16565526617535306,4.988923349578966
Forest_City_NC,Forest City,9862,9862,25.545910532949616,25.545910532949616,0.0
New_Albany_OH,New Albany,10956,9860,6.747976367194239,6.623013841875828,-1.8518518518518379
