location,location_label,source_component,source_fraction,record_start,record_end,daily_records,equal_demand_ml_day,pressure_p50_pct,pressure_p95_pct,pressure_max_pct,hydrology_source_id
Forest_City_NC,Forest City,Second Broad River,1.0,1998-10-01,2025-09-30,9862,17.5,8.929906303652801,25.545910532949616,108.04916841730956,USGS_02150495
Fort_Wayne_IN,Fort Wayne,St. Joseph River,1.0,1995-10-01,2025-09-30,10958,17.5,1.565176137686191,6.812242808786565,81.46759623264116,USGS_04180500
New_Albany_OH,New Albany,Hoover Reservoir / Big Walnut Creek release,1.0,1995-10-01,2025-09-30,10956,17.5,4.933003413259237,6.747976367194239,8.941068686532367,USGS_03228500
Mayes_County_OK,Mayes County,Grand (Neosho) River,1.0,1995-10-01,2025-09-30,10958,17.5,0.16519295495093725,3.179046644166925,36.125530047351425,USGS_07191500
Seattle_WA,Seattle,Cedar River component,0.7,1995-10-01,2025-09-30,10958,17.5,0.9798431437500797,1.8207267143865118,2.649205536805771,USGS_12117500
Atlanta_GA,Atlanta,Chattahoochee River,1.0,1995-10-01,2025-09-30,10958,17.5,0.423245854992638,0.7808793612855439,1.0074443590669835,USGS_02336000
Henrico_VA,Henrico,James River,1.0,1995-10-01,2025-09-30,10958,17.5,0.15824900330476951,0.6562252247133561,2.1807484601754825,USGS_02037500
Clarksville_TN,Montgomery County / Clarksville,Cumberland River below Cheatham Dam,1.0,1995-10-01,2025-09-30,10923,17.5,0.047330719267042146,0.15778356505645352,0.6405541745575426,USACE_ASHT1_CHEATHAM
Council_Bluffs_IA,Council Bluffs,Missouri River source family,1.0,1995-10-01,2025-09-30,10958,17.5,0.021874174157111872,0.045851634290869116,0.14248715038596776,USGS_06610000
Kansas_City_MO,Kansas City,Missouri River surface-water component,0.8,1995-10-01,2025-09-30,10958,17.5,0.011996402430818587,0.02455915862446552,0.06219873869022245,USGS_06893000
