location_percent,architecture_percent,interaction_residual_percent,practice,quantile
73.62499442778926,25.63134239144037,0.7436631807703632,best,0.9
91.57757363026327,7.516492610010168,0.9059337597265559,central,0.9
93.74590501456385,4.918668306731574,1.3354266787045788,poor,0.9
78.53649133123622,20.859970069086117,0.6035385996776619,best,0.95
93.6572212159243,5.751321061346246,0.5914577227294738,central,0.95
95.58228546005856,3.6124556293378873,0.805258910603558,poor,0.95
81.4724526585108,17.88108704546954,0.6464602960196631,best,0.99
94.72957195940145,4.560172759912877,0.7102552806856657,central,0.99
96.25964486288488,2.8056062263287527,0.9347489107863682,poor,0.99
