location,location_label,source_component,architecture_id,source_fraction,source_fraction_status,source_id,utility_source_id,facility_source_id,weather_source_id,record_start,record_end,daily_records,mean_consumption_ml_day,pressure_p50_pct,pressure_p95_pct,pressure_max_pct
Atlanta_GA,Atlanta,Chattahoochee River,climate_responsive_hybrid,1.0,standardized source-component assignment,USGS_02336000,ATLANTA_DWM_OVERVIEW,,ENERGYPLUS_TMY3_ATLANTA,1995-10-01,2025-09-30,10958,4.3717715281414185,0.06399730911824565,0.3733049024830532,0.5996322708966918
Atlanta_GA,Atlanta,Chattahoochee River,water_cooled_evaporative,1.0,standardized source-component assignment,USGS_02336000,ATLANTA_DWM_OVERVIEW,,ENERGYPLUS_TMY3_ATLANTA,1995-10-01,2025-09-30,10958,17.64904171900096,0.4272448569426474,0.7870428712873331,1.0378689987568088
Clarksville_TN,Montgomery County / Clarksville,Cumberland River below Cheatham Dam,climate_responsive_hybrid,1.0,single documented municipal surface-water source; upstream managed release,USACE_ASHT1_CHEATHAM,CLARKSVILLE_WATER; CLARKSVILLE_HEMLOCK_AUDIT,GOOGLE_TENNESSEE_DC; GOOGLE_HEMLOCK_SITE,ENERGYPLUS_TMY3_NASHVILLE,1995-10-01,2025-09-30,10923,4.3880381394622985,0.006445519619411556,0.06287924874652964,0.31151852155684795
Clarksville_TN,Montgomery County / Clarksville,Cumberland River below Cheatham Dam,water_cooled_evaporative,1.0,single documented municipal surface-water source; upstream managed release,USACE_ASHT1_CHEATHAM,CLARKSVILLE_WATER; CLARKSVILLE_HEMLOCK_AUDIT,GOOGLE_TENNESSEE_DC; GOOGLE_HEMLOCK_SITE,ENERGYPLUS_TMY3_NASHVILLE,1995-10-01,2025-09-30,10923,17.6129174131325,0.047740752693249636,0.1587751186297129,0.6621459502618399
Council_Bluffs_IA,Council Bluffs,Missouri River source family,climate_responsive_hybrid,1.0,standardized source-family assignment,USGS_06610000,CB_WATER_WORKS_2024; IOWA_DNR_MISSOURI_2022,GOOGLE_IOWA_DC; CB_PLANNING_2012,ENERGYPLUS_TMY3_OMAHA,1995-10-01,2025-09-30,10958,3.5502827350123387,0.0010419004298898,0.0142988739022775,0.0221601595541791
Council_Bluffs_IA,Council Bluffs,Missouri River source family,water_cooled_evaporative,1.0,standardized source-family assignment,USGS_06610000,CB_WATER_WORKS_2024; IOWA_DNR_MISSOURI_2022,GOOGLE_IOWA_DC; CB_PLANNING_2012,ENERGYPLUS_TMY3_OMAHA,1995-10-01,2025-09-30,10958,17.443778339883327,0.0218957809607892,0.0441445896577067,0.1371823901713597
Forest_City_NC,Forest City,Second Broad River,climate_responsive_hybrid,1.0,single documented municipal surface-water source,USGS_02150495,FOREST_CITY_WTP; FOREST_CITY_WSRP,META_FOREST_CITY,ENERGYPLUS_TMY3_GREER_GSP,1998-10-01,2025-09-30,9862,4.147096788338809,1.159885142222116,12.235724683414611,54.42023441391473
Forest_City_NC,Forest City,Second Broad River,water_cooled_evaporative,1.0,single documented municipal surface-water source,USGS_02150495,FOREST_CITY_WTP; FOREST_CITY_WSRP,META_FOREST_CITY,ENERGYPLUS_TMY3_GREER_GSP,1998-10-01,2025-09-30,9862,17.61330761968608,8.981429295222775,26.086284903455088,110.95116758090742
Fort_Wayne_IN,Fort Wayne,St. Joseph River,climate_responsive_hybrid,1.0,single documented municipal surface-water source,USGS_04180500,FORT_WAYNE_CITY_UTILITIES,GOOGLE_FORT_WAYNE; FORT_WAYNE_DATA_CENTER,ENERGYPLUS_TMY3_FORT_WAYNE,1995-10-01,2025-09-30,10958,2.4632998052249193,0.07625301420170257,2.0056768164238994,23.757447483836618
Fort_Wayne_IN,Fort Wayne,St. Joseph River,water_cooled_evaporative,1.0,single documented municipal surface-water source,USGS_04180500,FORT_WAYNE_CITY_UTILITIES,GOOGLE_FORT_WAYNE; FORT_WAYNE_DATA_CENTER,ENERGYPLUS_TMY3_FORT_WAYNE,1995-10-01,2025-09-30,10958,17.367032042651363,1.557523272341263,6.792664599256677,82.65220895018945
Henrico_VA,Henrico,James River,climate_responsive_hybrid,1.0,documented James River source-component assignment,USGS_02037500,HENRICO_CCR_2024; HENRICO_WSP,META_HENRICO_DC; HENRICO_FACEBOOK_WATER,ENERGYPLUS_TMY3_RICHMOND,1995-10-01,2025-09-30,10958,4.445959219231471,0.0235136198299313,0.3463109246228152,1.4610468403352954
Henrico_VA,Henrico,James River,water_cooled_evaporative,1.0,documented James River source-component assignment,USGS_02037500,HENRICO_CCR_2024; HENRICO_WSP,META_HENRICO_DC; HENRICO_FACEBOOK_WATER,ENERGYPLUS_TMY3_RICHMOND,1995-10-01,2025-09-30,10958,17.581741217118978,0.1588535465732706,0.671652129886238,2.241771884578764
Kansas_City_MO,Kansas City,Missouri River surface-water component,climate_responsive_hybrid,0.8,documented approximate 80% Missouri River surface-water share,USGS_06893000,KC_WATER_SOURCE; USGS_KC_INTAKE_1,META_KANSAS_CITY_DC; KC_ORD_211119; KC_VELVET_EASEMENT,ENERGYPLUS_TMY3_KANSAS_CITY,1995-10-01,2025-09-30,10958,3.1521459038220887,0.00059321819455555,0.007344204271406322,0.0123418086133925
Kansas_City_MO,Kansas City,Missouri River surface-water component,water_cooled_evaporative,0.8,documented approximate 80% Missouri River surface-water share,USGS_06893000,KC_WATER_SOURCE; USGS_KC_INTAKE_1,META_KANSAS_CITY_DC; KC_ORD_211119; KC_VELVET_EASEMENT,ENERGYPLUS_TMY3_KANSAS_CITY,1995-10-01,2025-09-30,10958,17.466302117155912,0.011948578671805751,0.0237524567779781,0.0598974997009883
Mayes_County_OK,Mayes County,Grand (Neosho) River,climate_responsive_hybrid,1.0,documented Grand River source-component assignment,USGS_07191500,MAIP_WATER_SOURCE; OOWA_GRAND_SOURCE,GOOGLE_OKLAHOMA_DC,ENERGYPLUS_TMY3_TULSA,1995-10-01,2025-09-30,10958,4.3503089560043255,0.019668861447878848,0.9172803390114128,8.932005555042197
Mayes_County_OK,Mayes County,Grand (Neosho) River,water_cooled_evaporative,1.0,documented Grand River source-component assignment,USGS_07191500,MAIP_WATER_SOURCE; OOWA_GRAND_SOURCE,GOOGLE_OKLAHOMA_DC,ENERGYPLUS_TMY3_TULSA,1995-10-01,2025-09-30,10958,17.611035275274617,0.16591846589781883,3.132066171484,36.789203444673944
New_Albany_OH,New Albany,Hoover Reservoir / Big Walnut Creek release,climate_responsive_hybrid,1.0,documented Hap Cremean service-area source assignment,USGS_03228500,NEW_ALBANY_WATER_FAQ; COLUMBUS_CCR_2025; USGS_HOOVER_2017,META_NEW_ALBANY; GOOGLE_OHIO_DC,ENERGYPLUS_TMY3_COLUMBUS,1995-10-01,2025-09-30,10956,2.7453793955868973,0.22484090990163444,2.3986738408151766,3.3443048742134676
New_Albany_OH,New Albany,Hoover Reservoir / Big Walnut Creek release,water_cooled_evaporative,1.0,documented Hap Cremean service-area source assignment,USGS_03228500,NEW_ALBANY_WATER_FAQ; COLUMBUS_CCR_2025; USGS_HOOVER_2017,META_NEW_ALBANY; GOOGLE_OHIO_DC,ENERGYPLUS_TMY3_COLUMBUS,1995-10-01,2025-09-30,10956,17.418336931968767,4.947286962964419,6.59353106459328,8.779766375427105
Seattle_WA,Seattle,Cedar River component,climate_responsive_hybrid,0.7,upper bound of documented 60-70% utility share,USGS_12117500,SEATTLE_WSP_2019,,ENERGYPLUS_TMY3_SEATTLE,1995-10-01,2025-09-30,10958,0.67276863533374,0.01195635506795485,0.267105113410178,0.3762043850847578
Seattle_WA,Seattle,Cedar River component,water_cooled_evaporative,0.7,upper bound of documented 60-70% utility share,USGS_12117500,SEATTLE_WSP_2019,,ENERGYPLUS_TMY3_SEATTLE,1995-10-01,2025-09-30,10958,17.393958611376974,0.9691414720500188,1.842460309024739,2.6629417697534574
