source_id,organization_or_authors,year,title,source_type,primary_url,source_locator,variables_supported,retrieved_or_accessed,archived_source_sha256,verification_status,scientific_boundary,local_file
ATLANTA_DWM_OVERVIEW,Atlanta Department of Watershed Management,n.d.,Water and Wastewater System Overview,utility report,https://www.atlantawatershed.org/wp-content/uploads/2019/10/CEIP-SystemOverview_final.pdf,PDF p. 2,Chattahoochee utility source family,archived project copy,,source statement verified in archived PDF,"Supports source-component screening, not facility allocation.",
AWS_CLOUD_2026,Amazon Web Services,2026,AWS Cloud Sustainability: PUE and WUE,operator webpage,https://sustainability.aboutamazon.com/products-services/aws-cloud?waterType=true,regional PUE and WUE table archived 2026-09-05,"regional PUE and withdrawal WUE, FY2022-FY2025 where disclosed",2026-09-05,dcd8edfdb38503f39a7497f2dccd9adeb8072773c066514592303683b5819e4e,verified against archived official webpage,Only matched years and regions are compared; WUE uses IT-energy denominator.,
CB_PLANNING_2012,Council Bluffs Planning Commission,2012,"Minutes of the May 8, 2012 Meeting",municipal record,https://www.councilbluffs-ia.gov/ArchiveCenter/ViewFile/Item/668,PDF p. 10,public-water and sanitary-sewer infrastructure to Google expansion,archived project copy,,source statement and page verified,Historical infrastructure link; greywater discussion is not treated as 2025 evidence.,
CB_WATER_WORKS_2024,Council Bluffs Water Works,2024,General Information: General Description of System Operations,utility webpage,https://www.cbwaterworks.com/about/general-information/,source-system description,Missouri River primary source and Missouri River Alluvium secondary source,archived project copy,,source statement verified,Actual 2025 river/alluvium mix is not available.,
CLARKSVILLE_HEMLOCK_AUDIT,City of Clarksville,2014,Water Treatment Plant Upgrade Audit,municipal audit,https://www.clarksvilletn.gov/Archive.aspx?ADID=1365,executive summary and report pp. 2-3,CGW water-service infrastructure constructed for the Hemlock site,2026-10-04,,,Documents service to the site; it is not a current facility water-use record.,
CLARKSVILLE_WATER,Clarksville Water System,2026,Water Operations Division,municipal utility webpage,https://clarksvilletn.gov/324/Water,Water Treatment section,lower Cumberland River municipal source,2026-10-04,,,Utility source statement does not allocate river water to the campus.,
COLUMBUS_CCR_2025,City of Columbus,2026,2025 Drinking Water Consumer Confidence Report,municipal water-quality report,https://www.columbus.gov/files/sharedassets/city/v/7/services/public-utilities/water-reports/consumer-confidence-water-quality-report/consumer-confidence-report.pdf,service-area map and Hap Cremean source description,New Albany service by Hap Cremean and Hoover Reservoir source,2026-10-04,,,Service-area assignment is not a facility water balance.,
DALLAS_LRWSP_2024,Dallas Water Utilities,2024,2024 Long Range Water Supply Plan,utility plan,https://dallascityhall.com/departments/waterutilities/Documents/DWU%20LRWSP%202024_with%20Appendices.pdf,regional supply-system sections,Dallas-Fort Worth multi-reservoir and reuse context,accessed 2026-09-06,,institutional source verified,Multi-utility regional context; no single gauge is representative.,
DALLES_WQR_2024,City of The Dalles,2024,2024 Water Quality Report,utility report,https://ormswd2.synergydcs.com/HPRMWebDrawer/Record/6884165/File/document,source-water section,protected watershed and municipal wells,2026-09-05 archive audit,5547c37fcb6a97affc92b357bc9c00d2986533ea5738694d7d0f828b6c0cff8a,verified against archived report,The Columbia River is outside the documented municipal supply portfolio.,
ENERGYPLUS_TMY3,U.S. Department of Energy EnergyPlus,archived,United States TMY3 EPW weather files,weather input,https://energyplus.net/weather,Fort Wayne; Nashville; Greenville-Spartanburg; Columbus EPW files,hourly weather for the two cooling scenarios,2026-10-04,,,Typical meteorological years are climatological scenarios rather than reconstructions of 1995-2025 weather.,data/model_archive/TMY_Data/
ENERGYPLUS_TMY3_ATLANTA,U.S. Department of Energy EnergyPlus,archived,Atlanta Hartsfield-Jackson TMY3 weather file,weather input,https://energyplus.net/weather,USA_GA_Atlanta-Hartsfield-Jackson.Intl.AP.722190_TMY3.epw,hourly Atlanta weather for cooling model,frozen project archive,,local archive retained,"Typical meteorological year, not observed 1996-2025 daily weather.",
ENERGYPLUS_TMY3_KANSAS_CITY,U.S. Department of Energy EnergyPlus,archived,Kansas City International Airport TMY3 weather file,weather input,https://energyplus.net/weather,USA_MO_Kansas.City.Intl.AP.724460_TMY3.epw,hourly regional weather for Kansas City cooling model,frozen 2026-10-02 project archive,e9456650bd6ecf8f95fc7359ece5c4fd982d4537d1bae0ac3c0ec7366d73fb5f,"8,760 hourly records and file hash verified","Typical meteorological year, not observed daily campus weather.",
ENERGYPLUS_TMY3_OMAHA,U.S. Department of Energy EnergyPlus,archived,Omaha Eppley Airfield TMY3 weather file,weather input,https://energyplus.net/weather,USA_NE_Omaha-Eppley.Airfield.725500_TMY3.epw,hourly local weather analogue for Council Bluffs cooling model,frozen 2026-10-02 project archive,db7cb7c7cb16ce7c7445254f18904fbfc39df2739cc559214ee8fefbf1dabadc,"8,760 hourly records and file hash verified","Typical meteorological year, not observed 1996-2025 daily weather.",
ENERGYPLUS_TMY3_RICHMOND,U.S. Department of Energy EnergyPlus,archived,Richmond International Airport TMY3 weather file,weather input,https://energyplus.net/weather,USA_VA_Richmond.Intl.AP.724010_TMY3.epw,hourly regional weather for Henrico cooling model,frozen 2026-10-02 project archive,5e7c53ccf2d89b64d89a9d7c5178e9fb317f2a73f5820d35cc4e6894fe398b50,"8,760 hourly records and file hash verified","Typical meteorological year, not observed daily campus weather.",
ENERGYPLUS_TMY3_SEATTLE,U.S. Department of Energy EnergyPlus,archived,Seattle-Tacoma TMY3 weather file,weather input,https://energyplus.net/weather,USA_WA_Seattle-Tacoma.Intl.AP.727930_TMY3.epw,hourly Seattle weather for cooling model,frozen project archive,,local archive retained,"Typical meteorological year, not observed 1996-2025 daily weather.",
ENERGYPLUS_TMY3_TULSA,U.S. Department of Energy EnergyPlus,archived,Tulsa International Airport TMY3 weather file,weather input,https://energyplus.net/weather,USA_OK_Tulsa.Intl.AP.723560_TMY3.epw,hourly regional weather for Mayes County cooling model,frozen 2026-10-02 project archive,ca3b32bbb218a0efbd0a45da77547d574ac4dd0fd529d902e87ebff3747ba4a0,"8,760 hourly records and file hash verified","Typical meteorological year and regional airport analogue, not observed daily campus weather.",
EPA_QUINCY_REUSE,U.S. Environmental Protection Agency,2026,"Water Reuse Case Study: Quincy, Washington",government case-study webpage,https://www.epa.gov/waterreuse/water-reuse-case-study-quincy-washington,Project Highlights and Solution sections,138 MG/year potable-demand offset; 260 MG/year canal make-up; 5% potable-groundwater share,2026-08-22,,values verified against official webpage,Metrics have different roles and unspecified or different periods; do not sum into a facility balance.,
FOREST_CITY_WSRP,Town of Forest City North Carolina,2016,Water Shortage Response Plan,municipal water plan,https://www.ncwater.org/wudc/app/lwsp/download.php?file=aac0ad6ef3a7ed93705be575939d1ba3&type=wsrp,streamflow trigger table,USGS 02150495 identified as the gauge above the intake,2026-10-04,,,The gauge is used as a source-flow descriptor rather than a supply ceiling.,
FOREST_CITY_WTP,Town of Forest City North Carolina,n.d.,Water Treatment,municipal utility webpage,https://www.townofforestcity.com/water-treatment,Raw Water Source section,Second Broad River municipal source,2026-10-04,,,Establishes the utility source but not a facility allocation.,
FORT_WAYNE_CITY_UTILITIES,Fort Wayne City Utilities,n.d.,Water Quality,municipal utility webpage,https://utilities.cityoffortwayne.org/drinking-water/water-quality,Source-water description,St. Joseph River municipal source,2026-10-04,,,Establishes the utility source but not a facility allocation.,
FORT_WAYNE_DATA_CENTER,City of Fort Wayne,2026,Google Data Center Frequently Asked Questions,municipal project webpage,https://engage.cityoffortwayne.org/data-center,Project description and Water and Sewer Use section,operating status; City Utilities service; St. Joseph River source; cooling-water recycling,2026-10-04,,,Municipal statements do not provide a facility water balance.,
GOOGLE_ENV_2023,Google,2023,2023 Environmental Report,operator report,https://sustainability.google/reports/google-2023-environmental-report/,"printed p. 95, Water use by data center location","FY2022 location withdrawal, discharge, consumption and selected source splits",2026-09-05 archive audit,111780cb32516f4541ca7078e9efcf0602579c4bd345f56dad608fbcd92a1c15,verified against archived report,Operator disclosure; consumption is operator-estimated.,
GOOGLE_ENV_2024,Google,2024,Google 2024 Environmental Report,operator report,https://sustainability.google/reports/google-2024-environmental-report/,"printed p. 79, Water use by data center location","FY2023 location withdrawal, discharge, consumption and selected source splits",2026-09-05 archive audit,29ade2be2f75e33b94e88fc676a31aaaab205e4ae7f146bc284c57d93d858645,verified against archived report,Operator disclosure; consumption is operator-estimated.,
GOOGLE_ENV_2025,Google,2025,Google 2025 Environmental Report,operator report,https://sustainability.google/reports/google-2025-environmental-report/,"printed p. 114, Water use by data center location","FY2024 location withdrawal, discharge, consumption and selected source splits",2026-09-05 archive audit,00bf26d9a1899c6d034e9b6f8ba8943dc3902e177038921283c74936264c5c10,verified with one documented source inconsistency,The aggregate Other locations row prints consumption 786.9 MG although withdrawal minus discharge is 768.9 MG; printed value retained and excluded from named-location consumption analyses.,
GOOGLE_ENV_2026,Google,2026,Google 2026 Environmental Report,operator report,https://sustainability.google/google-2026-environmental-report/,"printed p. 97, Water use by data center location; endnote 224 on p. 116","FY2025 location withdrawal, discharge, estimated consumption, cooling notes and source splits",2026-09-05 archive audit,6a23a6db212d5d7da8d887e773e98e78ee16b98eaf8d627a4e31f98b6f487ca3,verified against archived report,Location values may represent campuses; endnote states withdrawals are potable unless specified.,
GOOGLE_FORT_WAYNE,Google Data Centers,2026,Indiana Data Center Location,operator facility webpage,https://www.datacenters.google/locations/indiana/,Fort Wayne identified as an operational Google data center,operating-facility identity,2026-10-04,,,Does not disclose facility water demand.,
GOOGLE_HEMLOCK_SITE,Tennessee Department of Economic and Community Development,2015,Governor Haslam and Commissioner Boyd Announce Google to Locate New Data Center in Clarksville,state government release,https://www.tn.gov/ecd/news/2015/12/22/governor-haslam-commissioner-boyd-announce-google-to-locate-new-data-center.html,Google acquisition of the former Hemlock site,documentary link between operating Google campus and the Hemlock utility site,2026-10-04,,,Establishes site continuity but not current facility water demand.,
GOOGLE_IOWA_DC,Google Data Centers,n.d.,Iowa Data Center Location,operator facility webpage,https://datacenters.google/locations/iowa/,Council Bluffs facility description,named facility location,archived project copy,,facility identity verified,Does not identify the actual 2025 utility billing source or river/alluvium split.,
GOOGLE_OKLAHOMA_DC,Google Data Centers,n.d.,Oklahoma Data Center Location,operator facility webpage,https://www.datacenters.google/locations/oklahoma/,"operating site in Pryor, Mayes County; site built in 2007",operating-campus identity,verified 2026-10-02,,official operator page verified,Identifies the operating campus but does not by itself establish the campus water source.,
GOOGLE_TENNESSEE_DC,Google Data Centers,2026,Montgomery County Tennessee Data Center Location,operator facility webpage,https://www.datacenters.google/locations/tennessee/,milestones and operating-campus description,operating-facility identity,2026-10-04,,,Does not disclose facility water demand.,
HENRICO_CCR_2024,Henrico County Department of Public Utilities,2025,2024 Water Quality Report,municipal water-quality report,https://henrico.gov/assets/CCR_2024_Web.pdf,Where Does My Water Come From?; county and Richmond supplies both drawn from the James River,Henrico source-water portfolio,verified 2026-10-02,,official report statement verified,System source statement; no facility-specific allocation is inferred.,
HENRICO_FACEBOOK_WATER,Henrico County,2018,"Henrico officials, governor announce major expansion of Facebook data center",county government webpage,https://henrico.gov/news/2018/09/henrico-officials-governor-announce-major-expansion-of-facebook-data-center/,paragraphs describing White Oak water service and the campus as the county's largest water customer,campus-to-county-water-system link,verified 2026-10-02,,official county statement verified,Documents public-water service but does not report campus withdrawal or consumption.,
HENRICO_WSP,Henrico County,2011,Henrico County Water Supply Plan,county water-supply plan,https://henrico.gov/assets/HenricoWaterSupplyPlan.pdf,"PDF p. 2-6, James River intake and Richmond purchase description","James River dependence, intake configuration, and managed-system context",verified 2026-10-02,,official plan statement verified,Managed supply includes infrastructure and operations not represented by instantaneous gauge flow.,
IOWA_DNR_MISSOURI_2022,Iowa Department of Natural Resources,2022,2022 Assessment for Missouri River Segment IA 06-WEM-1709,regulatory database,https://programs.iowadnr.gov/adbnet/Segments/1709/Assessment/2022,segment/intake description,intake river mile 619,archived project copy,615af5b46145e84a2aaa5c5e3bd3f3cffecc2b4b940f7cad1e54b94ade944288,source locator verified,Used only to establish approximate gauge-to-intake geography.,
IOWA_DNR_PWS_2026,Iowa Department of Natural Resources,2026,Public Water Supply 706012 Facility Inventory,regulatory database,https://programs.iowadnr.gov/iowadrinkingwater/search/pwsdetails?tinwsysIsNumber=706012,facility inventory,Altoona-Des Moines multi-source system,accessed 2026-09-06,,institutional source verified,Portfolio context only.,
KC_ORD_211119,"City of Kansas City, Missouri",2022,Committee Substitute for Ordinance No. 211119,municipal ordinance,https://clerk.kcmo.gov/LegislationDetail.aspx?GUID=88AC2B70-4145-4F7F-BC91-54D971154EA7&ID=5363240&Options=&Search=,"water and wastewater service agreements with Velvet Tech Services for Zone 3, Golden Plains Technology Park",project-to-KC-Water service link,verified 2026-10-02,,passed ordinance and text verified,"The ordinance establishes service infrastructure, not operating campus water demand.",
KC_VELVET_EASEMENT,"City of Kansas City, Missouri",2023,"Utility Easement Agreement, File 230497",municipal agreement,https://clerk.kcmo.gov/View.ashx?GUID=C95F751D-6195-4A3B-BCDE-0F73A5FF9298&ID=12075459&M=F,Velvet Tech Services mailing address at 1 Hacker Way and Golden Plains utility easement,documentary link between Velvet project records and Meta,verified 2026-10-02,,official city agreement verified,Corporate-address evidence supports identity linkage but is not a water-use disclosure.,
KC_WATER_SOURCE,KC Water,n.d.,Water,municipal utility webpage,https://www.kcwater.us/about-us/water/,raw-water sources: approximately 80% Missouri River and 20% Missouri River aquifer,Kansas City source portfolio and surface-water fraction,verified 2026-10-02,,official utility page verified,The 80% share is utility-wide and is not claimed as a campus-specific source split.,
LEI_MASANET_2022,Lei and Masanet,2022,Climate- and technology-specific PUE and WUE estimations for U.S. data centers using a hybrid statistical and thermodynamics-based approach,peer-reviewed model,https://doi.org/10.1016/j.resconrec.2022.106323,methods and archived central parameter vector,cooling-model equations and parameters,2026-10-04,,,The central vector is an archived scenario and is not a measurement at any named facility.,data/model_archive/
LOUDOUN_WATER_2026,Loudoun Water,2026,Your Drinking Water Quality,utility webpage,https://www.loudounwater.org/residential-customers/your-drinking-water-quality,supply-source overview,Northern Virginia supply portfolio,accessed 2026-09-06,,institutional source verified,Portfolio context only.,
MAIP_WATER_SOURCE,MidAmerica Industrial Park,n.d.,Competitive Advantages,industrial-park utility webpage,https://maip.com/site-selection/competitive-advantages/,utilities section: park-owned water system sourced from the Grand Neosho River,facility-to-utility and utility-to-river link,verified 2026-10-02,,official park page verified,"Establishes the park system and source river, not campus-specific withdrawal or consumption.",
MESA_OPEN_DATA_2026,City of Mesa Water Resources,2026,Reclaimed Water Management PUBLIC,municipal open dataset,https://data.mesaaz.gov/d/5zhe-5nig,dataset 5zhe-5nig; retrieved 2026-08-22,"daily municipal reuse, recharge, exchange and return pathways",2026-08-22,346a7e6d4f7da3fd50a6b243d44149cf5113eb6c46fc7f7bd6cad73a4f16d208,raw file hash and QA gates verified,Municipal pathways are not assigned to individual data centers.,
META_EDI_2024,Meta,2024,2024 Environmental Data Index,operator report,https://sustainability.atmeta.com/resources/,printed p. 29 electricity; printed p. 32 water,FY2019-FY2023 site electricity and water,2026-09-05 archive audit,2b36549ca82f0cbbf2b922f34755b53212a5bbdcc26ae055d42295d67f83ff64,verified against archived report,"Electricity is total-facility, not IT electricity; derived ratio is not WUE.",
META_EDI_2025,Meta,2025,Meta 2025 Environmental Data Index,operator report,https://sustainability.atmeta.com/wp-content/uploads/2025/10/Meta_2025-Environmental-Data-Index.pdf,printed p. 6 electricity; printed p. 9 water,FY2020-FY2024 site electricity and water,2026-09-05 archive audit,d7527cd23308869105b404b486117603bb3f5ee10e30499367f8698110afb66d,verified against archived report,"Electricity is total-facility, not IT electricity; derived ratio is not WUE.",
META_FOREST_CITY,Meta,2012,Facebook Data Center Opens in Forest City North Carolina,operator facility webpage,https://about.fb.com/news/2012/04/facebook-data-center-opens-in-forest-city-n-c/,opening announcement and live-traffic statement,operating-facility identity,2026-10-04,,,Does not disclose facility water demand.,
META_HENRICO_DC,Meta Data Centers,2020,"Henrico County, We Are Online!",operator facility webpage,https://datacenters.atmeta.com/2020/08/henrico-county-we-are-online/,announcement dated 2020-08-05; facility serving traffic,operating-campus identity,verified 2026-10-02,,official operator page verified,Identifies the operating campus but not annual campus water demand.,
META_KANSAS_CITY_DC,Meta Data Centers,2025,"Kansas City, We Are Online!",operator facility webpage,https://datacenters.atmeta.com/2025/08/kansas-city-we-are-online/,announcement dated 2025-08-20; facility serving traffic,operating-campus identity,verified 2026-10-02,,official operator page verified,Identifies the operating campus but not annual campus water demand.,
NEW_ALBANY_DATA_CENTERS,City of New Albany Ohio,2026,New Albany Data Centers,municipal data-center webpage,https://datacenters.newalbanyohio.org/,community and facility overview,operating data-center location identity,2026-10-04,,,Location includes multiple operators; the analysis unit is the shared source system rather than separate facilities.,
NEW_ALBANY_WATER_FAQ,City of New Albany Ohio,2026,Resident Questions,municipal webpage,https://datacenters.newalbanyohio.org/resident-questions/,drinking-water and utility-service responses,Columbus water service to all industrial development and absence of business-park groundwater use,2026-10-04,,,Does not report operator-specific water allocation.,
OOWA_GRAND_SOURCE,City of Broken Arrow,2014,2013 Annual Water Quality Report,municipal water-quality report,https://www.brokenarrowok.gov/home/showpublisheddocument/318/637183674518270000,"PDF p. 2, Where Does My Water Come From?",Oklahoma Ordnance Works Authority plant draws raw water from Grand River below Lake Hudson,verified 2026-10-02,,source statement verified in official report,Corroborates the OOWA raw-water source; it is not a campus water balance.,
PHOENIX_WRP_2021,City of Phoenix Water Services Department,2021,2021 Water Resource Plan,utility plan,https://www.phoenix.gov/content/dam/phoenix/waterservicessite/documents/2021_Water_Resource_Plan.pdf,portfolio sections,Phoenix municipal supply portfolio,accessed 2026-09-06,,institutional source verified,Portfolio context only; not allocated to a facility.,
PRINEVILLE_WMP_2023,City of Prineville,2023,"2023 Water System Master Plan, Volume 1",utility plan,https://www.cityofprineville.com/1261/Ordinances,source and mitigation sections,"Prineville groundwater, mitigation and ASR context",accessed 2026-09-06,,institutional source verified,Crooked River gauge is not a direct municipal-supply denominator.,
QUINCY_ECOLOGY_2019,Washington State Department of Ecology,2019,Microsoft Columbia Data Center Draft Technical Support Document,regulatory technical document,https://ecology.wa.gov/getattachment/26e593fe-7ea0-4b34-bd46-c6b2f58aad33/20191209MSColumbiaDraftTSD.pdf,water-supply and discharge sections,Quincy potable groundwater and reuse context,accessed 2026-09-06,,institutional source verified,Does not support a Columbia River facility-pressure calculation.,
QUINCY_OPS_2020,City of Quincy,2021,2020 Annual Operations Report,municipal operations report,https://quincy.civicweb.net/document/82731/F-2%200803212020%20Quincy%20Annual%20Report_Final.pdf?handle=DDF5AEC43AE84B2EAF0A93EBDE56D987,PDF pp. 3 and 15,254.48 million gallons delivered through reuse system to Microsoft in 2020,2026-08-22,,phrase and value verified on two report pages,Reuse delivery is not freshwater withdrawal or consumption.,
SAWS_WMP_2025,San Antonio Water System,2025,2025 Water Management Plan,utility plan,https://apps.saws.org/your_water/waterresources/docs/SAWS_2025_Water_Management_Plan_20250812.pdf,source portfolio sections,San Antonio municipal supply portfolio,accessed 2026-09-06,,institutional source verified,Portfolio context only.,
SEATTLE_WSP_2019,Seattle Public Utilities,2019,"2019 Water System Plan, Volume 1",utility plan,https://www.seattle.gov/documents/departments/spu/documents/plans/spufinal2019_wsp_volume1.pdf,PDF p. 23; Cedar supplies approximately 60-70%,Cedar and South Fork Tolt portfolio; Cedar fraction,archived project copy,,source statement and page verified,"The 0.70 Cedar fraction is a documented upper-bound scenario, not a facility allocation.",
SNWA_SOURCES_2026,Southern Nevada Water Authority,2026,Where your water comes from,utility webpage,https://www.snwa.com/water-resources/where-water-comes-from/index.html,source portfolio overview,Colorado River and groundwater sources,accessed 2026-09-06,,institutional source verified,Portfolio context only.,
SNWA_WRP_2026,Southern Nevada Water Authority,2026,"2026 Water Resource Plan, Chapter 3",utility plan,https://www.snwa.com/assets/pdf/water-resource-plan-chapter-3-2026.pdf?lang=en,Chapter 3,"allocations, groundwater and return-flow credits",accessed 2026-09-06,,institutional source verified,Managed-system context; a return-path gauge is not a supply denominator.,
USACE_ASHT1_CHEATHAM,U.S. Army Corps of Engineers,n.d.,Cheatham combined outflow CWMS time series,hourly hydrological observations,https://cwms-data.usace.army.mil/cwms-data/,time series ASHT1-CHEATHAM.Flow.Ave.1Hour.1Hour.man-rev from 1995-10-01 through 2025-09-30,managed release upstream of Clarksville,2026-10-04,,,Upstream dam release is a managed source-component descriptor and not available supply or facility allocation.,data/raw/usace/cheatham_1995_2025_hourly.json
USGS_02037500,U.S. Geological Survey,n.d.,"USGS 02037500 James River near Richmond, Virginia",daily hydrological observations,https://waterdata.usgs.gov/monitoring-location/USGS-02037500/,"daily mean discharge, parameter 00060, 1995-10-01 through 2025-09-30",Henrico James River managed-reach discharge,retrieved 2026-10-02,63d82a3b1eb6ed441a1058d600f4dd3b25efcfd5d6d0ee07d6789f4472508cc7,"10,958 dates, station and units independently revalidated","The gauge represents the managed James River reach, not a facility allocation, utility headroom, or ecological effect.",
USGS_02150495,U.S. Geological Survey,n.d.,USGS 02150495 Second Broad River near Forest City North Carolina,daily hydrological observations,https://waterdata.usgs.gov/monitoring-location/USGS-02150495/,daily mean discharge parameter 00060 from 1998-10-01 through 2025-09-30,Forest City source-component discharge,2026-10-04,,,Twenty-seven complete water years; gauge flow is not available supply or a facility allocation.,data/raw/usgs/forest_city_second_broad_02150495.json
USGS_02336000,U.S. Geological Survey,n.d.,"USGS 02336000 Chattahoochee River at Atlanta, Georgia",daily hydrological observations,https://waterdata.usgs.gov/monitoring-location/USGS-02336000/,"daily mean discharge, parameter 00060, 1995-10-01 through 2025-09-30",Atlanta source-component discharge,retrieved 2026-08-20,,"10,958 dates, station and units revalidated",Managed source-component flow is not available water or facility allocation.,
USGS_03228500,U.S. Geological Survey,n.d.,USGS 03228500 Big Walnut Creek at Central College Ohio,daily hydrological observations,https://waterdata.usgs.gov/monitoring-location/USGS-03228500/,daily mean discharge parameter 00060 from 1995-10-01 through 2025-09-30,New Albany source-component discharge,2026-10-04,,,"10,956 of 10,958 dates; two missing dates were not imputed.",data/raw/usgs/new_albany_big_walnut_03228500.json
USGS_04180500,U.S. Geological Survey,n.d.,USGS 04180500 St. Joseph River near Fort Wayne Indiana,daily hydrological observations,https://waterdata.usgs.gov/monitoring-location/USGS-04180500/,daily mean discharge parameter 00060 from 1995-10-01 through 2025-09-30,Fort Wayne source-component discharge,2026-10-04,,,Gauge flow is not available supply or a facility allocation.,data/raw/usgs/new_haven_st_joseph_04180500.rdb
USGS_06610000,U.S. Geological Survey,n.d.,"USGS 06610000 Missouri River at Omaha, Nebraska",daily hydrological observations,https://waterdata.usgs.gov/monitoring-location/USGS-06610000/,"daily mean discharge, parameter 00060, 1995-10-01 through 2025-09-30",Council Bluffs Missouri River source-family discharge,retrieved 2026-08-20,,"10,958 dates, station and units revalidated","Gauge is downstream and does not resolve river/alluvium shares, managed availability, rights or ecological effects.",
USGS_06893000,U.S. Geological Survey,n.d.,"USGS 06893000 Missouri River at Kansas City, Missouri",daily hydrological observations,https://waterdata.usgs.gov/monitoring-location/USGS-06893000/,"daily mean discharge, parameter 00060, 1995-10-01 through 2025-09-30",Kansas City Missouri River surface-water-component discharge,retrieved 2026-10-02,2b5174fefaed34719041379d815908bf62da8247c813c46ae864ce3d2aeac13c,"10,958 dates, station and units independently revalidated","The 0.80 surface-water share is a utility portfolio fraction, not a campus-specific source allocation.",
USGS_07191500,U.S. Geological Survey,n.d.,"USGS 07191500 Neosho River near Chouteau, Oklahoma",daily hydrological observations,https://waterdata.usgs.gov/monitoring-location/USGS-07191500/,"daily mean discharge, parameter 00060, 1995-10-01 through 2025-09-30",Mayes County Grand (Neosho) River source-component discharge,retrieved 2026-10-02,2ab65da92e9609b50bb3920b2d9a89117e1373df7cb2434622d6085607285d68,"10,958 dates, station and units independently revalidated","Managed-river discharge is not available supply, an allocation to the campus, or an environmental-flow assessment.",
USGS_12117500,U.S. Geological Survey,n.d.,"USGS 12117500 Cedar River near Landsburg, Washington",daily hydrological observations,https://waterdata.usgs.gov/monitoring-location/USGS-12117500/,"daily mean discharge, parameter 00060, 1995-10-01 through 2025-09-30",Seattle Cedar source-component discharge,retrieved 2026-08-20,,"10,958 dates, station and units revalidated","Gauge is approximately 1.8 miles upstream of the intake; it is a component screen, not facility allocation.",
USGS_HOOVER_2017,VonIns and Jackson,2017,Response of currents and water quality to changes in dam operations in Hoover Reservoir Columbus Ohio,USGS Scientific Investigations Report,https://doi.org/10.3133/sir20175027,data sources and discharge description,USGS 03228500 flow represents Hoover Dam release,2026-10-04,,,Dam release is a managed source-component descriptor and not available supply.,
USGS_KC_INTAKE_1,U.S. Geological Survey,n.d.,"Intake 1 on Missouri River near Kansas City, Missouri",intake monitoring-location webpage,https://waterdata.usgs.gov/monitoring-location/MO005-390755094282401/all-graphs/,monitoring-location title and coordinates,independent intake-location corroboration,verified 2026-10-02,,official USGS location page verified,Used only to establish source geography; no flow series from the intake page enters the calculation.,
VALLEY_WATER_2026,Santa Clara Valley Water District,2026,Where Your Water Comes From: Imported Water,utility webpage,https://www.valleywater.org/your-water/where-your-water-comes-from/imported-water,water-source overview,Silicon Valley imported and local supply portfolio,accessed 2026-09-06,,institutional source verified,Portfolio context only.,
WRI_AQUEDUCT_4,Kuzma et al.; World Resources Institute,2023,Aqueduct 4.0: Updated Decision-Relevant Global Water Risk Indicators,screening dataset and methods,https://doi.org/10.46830/writn.23.00061,baseline annual indicators; baseline period 1979-2019,baseline water stress screen at reported locality centroids,2026-09-05,bd3ed2bce88d6ff1b89191632ad134a2436e1e1d49599382f23a04d513624fc3,verified against WRI archive and methods,"Prioritization screen, not facility-source attribution or local impact assessment.",
