pressure_rank,location,location_label,source_component,source_fraction,record_start,record_end,daily_records,equal_demand_ml_day,pressure_p50_pct,pressure_p95_pct,pressure_max_pct,hydrology_source_id
1,Forest_City_NC,Forest City,Second Broad River,1.0,1998-10-01,2025-09-30,9862,17.5,8.929906303652801,25.545910532949616,108.04916841730956,USGS_02150495
2,Fort_Wayne_IN,Fort Wayne,St. Joseph River,1.0,1995-10-01,2025-09-30,10958,17.5,1.565176137686191,6.812242808786565,81.46759623264116,USGS_04180500
3,New_Albany_OH,New Albany,Hoover Reservoir / Big Walnut Creek release,1.0,1995-10-01,2025-09-30,10956,17.5,4.933003413259237,6.747976367194239,8.941068686532367,USGS_03228500
4,Mayes_County_OK,Mayes County,Grand (Neosho) River,1.0,1995-10-01,2025-09-30,10958,17.5,0.1651929549509372,3.179046644166925,36.125530047351425,USGS_07191500
5,Seattle_WA,Seattle,Cedar River component,0.7,1995-10-01,2025-09-30,10958,17.5,0.9798431437500796,1.820726714386512,2.649205536805771,USGS_12117500
6,Atlanta_GA,Atlanta,Chattahoochee River,1.0,1995-10-01,2025-09-30,10958,17.5,0.423245854992638,0.7808793612855439,1.0074443590669837,USGS_02336000
7,Henrico_VA,Henrico,James River,1.0,1995-10-01,2025-09-30,10958,17.5,0.1582490033047695,0.6562252247133561,2.1807484601754825,USGS_02037500
8,Clarksville_TN,Montgomery County / Clarksville,Cumberland River below Cheatham Dam,1.0,1995-10-01,2025-09-30,10923,17.5,0.0473307192670421,0.1577835650564535,0.6405541745575426,USACE_ASHT1_CHEATHAM
9,Council_Bluffs_IA,Council Bluffs,Missouri River source family,1.0,1995-10-01,2025-09-30,10958,17.5,0.0218741741571118,0.0458516342908691,0.1424871503859677,USGS_06610000
10,Kansas_City_MO,Kansas City,Missouri River surface-water component,0.8,1995-10-01,2025-09-30,10958,17.5,0.0119964024308185,0.0245591586244655,0.0621987386902224,USGS_06893000
